#{"t_start": 1764086773.4055269, "env_id": "None"}
r,l,t
-33.429807,60,1.857873
8.198466,10,2.004926
6.123899,13,2.011901
4.24722,23,2.022133
4.400532,23,2.09135
-26.579569,60,2.115232
-24.559784,60,2.200936
5.345443,25,2.275549
-23.605257,60,2.359864
-29.973658,60,2.473738
-7.890796,54,2.493264
-23.599686,60,2.575431
-24.784631,60,2.697234
9.202129,5,2.704294
5.565122,17,2.801431
-19.456443,60,2.899078
-28.118656,60,2.982939
1.616618,35,3.001636
-15.001031,60,3.098032
-20.882533,60,3.182528
-27.64535,60,3.257675
-16.119262,60,3.338583
-23.943146,60,3.422993
9.23355,6,3.425994
-23.369946,60,3.531055
6.917916,22,3.539649
-34.334069,60,3.685401
6.764803,18,3.697444
-22.753686,60,3.791
1.739414,25,3.864511
-2.782512,44,3.886411
-18.160185,60,4.003209
-9.178967,50,4.089178
9.226393,5,4.091221
-1.983204,38,4.15508
-30.49369,60,4.233426
9.88,2,4.234481
6.425379,15,4.241473
-17.817239,60,4.362404
3.89726,26,4.377437
4.4737,24,4.464715
-25.324843,60,4.572236
-21.495807,60,4.660592
9.99,1,4.660592
-21.472236,60,4.745445
-17.242049,60,4.871391
-1.47767,34,4.894964
1.741469,41,5.043055
0.926941,45,5.06512
-26.097416,60,5.152069
2.402617,36,5.219995
-21.858687,60,5.308746
-30.062972,60,5.421967
-25.500486,60,5.505012
3.76687,28,5.519593
8.19,11,5.523595
7.444365,20,5.595212
-24.785823,60,5.673134
-2.927258,52,5.69169
-13.399269,60,5.787097
-0.701213,30,5.90151
-21.289138,60,6.01367
-24.197405,60,6.123071
-23.933843,60,6.211277
-21.297139,60,6.29063
7.818354,10,6.299627
6.710873,16,6.311623
7.477654,12,6.317621
-18.589485,60,6.439988
-22.303708,60,6.531595
-3.775438,48,6.629376
-11.038709,60,6.737077
7.538466,16,6.747171
-31.329012,60,6.855772
-1.709786,48,6.973868
-25.742976,60,7.066363
2.74114,35,7.082965
-32.110055,60,7.189754
-13.713319,60,7.295165
-1.147844,53,7.39401
4.154413,29,7.411037
-24.516806,60,7.525856
-28.479848,60,7.624369
-19.947191,60,7.735831
-22.083541,60,7.833248
-8.459956,55,7.914844
-25.722262,60,8.00276
-23.489467,60,8.090274
-22.648499,60,8.186687
-7.696353,52,8.205685
-29.495349,60,8.277716
-21.851619,60,8.353886
-15.454492,60,8.457889
9.88,2,8.458941
-15.454944,60,8.536011
-12.91784,59,8.647649
5.868367,16,8.654643
-1.640697,34,8.73921
-17.565061,60,8.819122
-21.184558,60,8.906028
6.057763,17,8.914031
5.789174,22,8.923079
-23.348717,60,9.000228
2.714364,39,9.0785
-1.29046,40,9.153444
-19.744151,60,9.241412
-30.297191,60,9.321939
-29.910532,60,9.356693
-13.519036,60,9.46911
6.51153,16,9.521641
-4.943035,52,9.543199
5.441069,30,9.604402
-1.490892,32,9.617404
-17.071254,60,9.948877
7.610318,10,10.015111
6.060761,25,10.026325
-6.891732,56,10.119123
2.604864,31,10.130136
-0.402937,40,10.214958
-4.221633,34,10.233243
-9.631466,60,10.352617
-5.787255,53,10.441378
-25.136214,60,10.516895
-6.674737,48,10.61293
6.382576,14,10.61793
6.935789,14,10.622988
-17.640474,60,10.704785
-22.270441,60,10.784977
-27.186459,60,10.856843
-28.832292,60,10.973298
-29.986499,60,11.114582
-21.887102,60,11.255877
8.03568,11,11.262835
-12.503132,59,11.349581
4.302236,22,11.358594
-10.255098,47,11.439355
-25.918041,60,11.521676
-20.905692,60,11.666576
8.214972,12,11.675627
-22.618128,60,11.756175
-30.037097,60,11.848269
-22.691744,60,11.93918
-5.72256,60,12.062222
-25.02817,60,12.183232
-24.785831,60,12.298076
1.153021,28,12.313073
3.82413,26,12.387758
9.77,3,12.38976
9.408579,5,12.395761
3.460139,28,12.405759
-30.89615,60,12.519427
-23.342299,60,12.619541
9.728579,3,12.621546
0.163998,36,12.698898
8.864972,7,12.700911
4.37777,23,12.713088
-20.121537,60,12.800752
-21.110192,60,12.880037
3.104548,29,12.941678
-0.267238,38,12.956535
0.595954,24,13.011658
9.99,1,13.012651
-2.883509,35,13.029507
-20.388853,60,13.107276
-23.389521,60,13.179923
-17.887314,60,13.259381
-25.964413,60,13.348937
8.249286,12,13.354336
-20.350918,60,13.433046
7.531309,15,13.440099
-22.326545,60,13.535084
9.88,2,13.537085
-17.925401,60,13.6511
-16.642385,60,13.741215
-28.451994,60,13.836323
-15.677796,60,13.926486
9.99,1,13.927493
-28.656993,60,14.020138
6.522896,16,14.026137
-15.361312,60,14.137299
-0.670152,42,14.244566
-21.682144,60,14.33689
-23.158514,60,14.412224
7.80918,12,14.417227
-2.318519,48,14.496252
-1.204024,42,14.512239
-29.620441,60,14.589742
9.467157,5,14.592742
-21.039657,60,14.665311
8.414916,9,14.669353
-3.790807,49,14.742434
0.604325,27,14.75469
-31.631082,60,14.840038
-28.515105,60,14.915882
-19.90603,60,14.993837
3.227552,22,15.055794
9.88,2,15.056804
3.991864,24,15.06679
-21.728772,60,15.154872
-29.242067,60,15.230958
-22.472871,60,15.312404
5.365561,20,15.321066
9.88,2,15.32206
7.739286,13,15.328054
-6.874606,35,15.401994
2.918361,24,15.412998
-10.184045,50,15.497581
-5.273012,53,15.58423
-24.102579,60,15.663364
-19.671416,60,15.74141
2.793022,26,15.753259
6.311104,12,15.759258
-3.946401,52,15.836619
-17.434856,60,15.918764
-23.278345,60,16.001382
-7.438396,55,16.080489
6.225332,12,16.08608
-2.815258,38,16.15825
-18.815272,60,16.240345
7.394095,14,16.247106
-19.417419,60,16.324047
8.02,8,16.328176
-28.265341,60,16.410948
4.388071,23,16.421002
-23.614047,60,16.501799
9.728579,3,16.503795
0.833351,24,16.56255
-19.769614,60,16.649335
-19.897024,60,16.673383
-16.316091,60,16.752265
-24.262891,60,16.831262
4.556176,27,16.893818
1.008961,25,16.905119
-22.501028,60,16.98335
6.494755,19,16.993644
-19.96862,60,17.078312
-18.348767,60,17.283289
9.67,3,17.285335
-29.753893,60,17.371794
-25.94364,60,17.466824
9.164972,7,17.474923
-16.076782,60,17.552711
-23.801195,60,17.644186
9.99,1,17.645185
-23.511125,60,17.731917
-6.811792,55,17.810276
7.128466,17,17.818312
-28.844638,60,17.901627
-21.642435,60,17.985158
8.243494,12,17.990158
-29.812459,60,18.064653
-6.039638,38,18.132771
-20.150749,60,18.209587
2.278985,34,18.223623
-14.834812,60,18.297761
-30.046917,60,18.413792
-3.828278,54,18.537525
-19.021994,60,18.611379
-19.156086,60,18.693007
-24.696615,60,18.773219
-9.045617,59,18.849572
-18.85049,60,18.951664
-20.040559,60,19.039378
-29.565163,60,19.113208
3.548672,22,19.124143
-18.366537,60,19.204097
4.450162,28,19.2151
6.03231,13,19.2682
-29.682646,60,19.347149
-25.158906,60,19.424565
-31.705759,60,19.448334
-18.943739,60,19.528425
-31.194117,60,19.606318
-20.463967,60,19.679694
1.78777,42,19.742832
6.590682,14,19.748828
2.239899,32,19.805872
-23.175838,60,19.875594
9.494972,4,19.878583
-20.891243,60,19.968814
-22.461229,60,20.051478
-33.613914,60,20.081524
7.64355,15,20.145418
-21.174999,60,20.216065
3.244127,29,20.231358
-18.754159,60,20.307297
-3.949927,53,20.38084
6.574518,12,20.386426
-19.397608,60,20.465544
-18.426496,60,20.540708
5.41841,25,20.552235
-17.993278,60,20.631573
-24.122863,60,20.710665
-13.528741,60,20.792293
-19.079765,60,20.867176
-21.285905,60,20.948252
-0.553328,35,21.016119
8.84,6,21.020168
-4.984646,49,21.039394
8.086933,9,21.100935
-27.426662,60,21.134162
8.985736,9,21.201238
0.389417,39,21.220969
-4.11551,49,21.300974
-31.050176,60,21.389352
-5.126133,38,21.467678
5.27366,25,21.482152
4.854747,26,21.492751
-13.258389,60,21.573116
8.725137,7,21.575786
-31.774374,60,21.654868
-6.494537,56,21.72921
-23.601013,60,21.810047
7.018466,18,21.818082
-19.405626,60,21.903129
6.427218,16,21.960737
9.577157,4,21.96574
2.177267,19,21.972934
-27.772704,60,22.053455
-28.407871,60,22.134393
9.99,1,22.135919
-19.889926,60,22.218246
1.532984,28,22.231246
-21.040373,60,22.31159
-25.557761,60,22.39644
-18.225879,60,22.472942
-19.690289,60,22.562486
4.317792,24,22.571536
-0.676766,40,22.650588
8.239286,13,22.655596
3.844564,26,22.733128
-22.732265,60,22.81857
-6.114099,58,22.843508
8.875736,10,22.987576
-10.438618,51,23.025971
8.170708,14,23.089278
-9.795702,58,23.163826
7.903881,11,23.169874
-23.654608,60,23.283192
-18.425386,60,23.391679
5.00841,26,23.402673
-20.799853,60,23.509636
-28.212134,60,23.604468
-20.067951,60,23.710292
8.500708,11,23.716334
-19.535366,60,23.816717
3.810184,24,23.830602
-1.636211,48,23.925521
-22.433372,60,24.034922
2.007386,28,24.048143
-4.095264,48,24.145849
-22.724903,60,24.445179
-27.201517,60,24.560369
-21.646171,60,24.656292
-21.335968,60,24.735671
-26.888147,60,24.833355
-28.646105,60,24.912979
-23.99899,60,24.987478
9.728579,3,24.990534
9.02355,7,24.993537
-22.832495,60,25.072368
-3.785762,38,25.111832
-16.749402,60,25.197005
8.610708,10,25.202006
0.028837,42,25.246122
-13.635478,60,25.330238
-18.980109,60,25.4368
-26.944399,60,25.570215
9.88,2,25.571219
4.744796,21,25.610837
9.618579,4,25.612837
-18.338283,60,25.693149
1.38862,41,25.753368
9.728579,3,25.754363
-18.441254,60,25.836065
-1.595013,40,25.886931
9.66,4,25.888968
-18.069837,60,25.993821
4.836287,19,26.031719
-15.471574,60,26.117639
1.936055,46,26.16868
5.842986,18,26.200725
9.99,1,26.201719
9.016393,6,26.203721
-24.722012,60,26.283786
4.96207,21,26.317604
-28.617509,60,26.37411
6.788418,15,26.408812
-17.415211,60,26.498454
-6.055591,34,26.534787
9.467157,5,26.536782
7.492129,16,26.544128
-22.268407,60,26.654403
-3.173913,39,26.736639
8.41961,8,26.742643
-23.16426,60,26.828832
-37.393541,60,26.902324
-25.580235,60,26.95222
-33.650929,60,27.029307
-16.228435,60,27.112018
8.864972,7,27.115019
-22.311905,60,27.185878
4.003766,36,27.23807
2.898396,28,27.282834
-17.050067,60,27.375945
-20.915782,60,27.490201
-17.125942,60,27.590892
5.065184,25,27.66295
4.237463,18,27.68314
-1.183724,49,27.789454
9.99,1,27.790464
-21.866389,60,27.881321
-19.935202,60,27.975691
-26.404286,60,28.024512
-26.726321,60,28.120869
4.546764,24,28.155806
3.536289,25,28.195656
-28.770636,60,28.27209
7.735736,14,28.278086
-19.179807,55,28.361497
-5.679023,43,28.412901
-19.507851,60,28.506543
9.99,1,28.508085
-20.535025,60,28.591089
-24.122524,60,28.673902
-4.733585,43,28.722406
-22.828589,60,28.825462
-31.356133,60,28.949407
2.675928,21,29.020344
-28.459946,60,29.151596
-17.156349,60,29.217363
8.171966,11,29.246739
-6.686508,58,29.327371
-22.008991,60,29.379516
9.88,2,29.380514
-5.499423,37,29.455379
6.20164,20,29.46438
9.99,1,29.46538
8.500708,11,29.511494
2.748157,20,29.52653
-31.496078,60,29.661634
-27.231089,60,29.745508
-28.58097,60,29.82269
-20.773193,60,29.904513
-6.70172,53,29.962975
-19.813892,60,30.042469
9.99,1,30.04313
-2.736869,48,30.133182
4.396128,26,30.174936
-5.104841,52,30.228158
-0.651611,35,30.275852
7.113846,10,30.305091
-24.283213,60,30.387233
-12.798673,57,30.439638
9.77,3,30.441632
-18.791434,60,30.546985
-5.448167,38,30.58913
-25.682616,60,30.670776
-28.105597,60,30.76142
9.88,2,30.763427
9.205736,7,30.812392
0.955136,23,30.82741
-24.199314,60,30.931575
-34.270232,60,31.009698
-16.924178,60,31.087012
-22.688401,60,31.1812
-27.450626,60,31.255511
-26.454325,60,31.321093
-22.154998,60,31.424512
-1.978464,42,31.494361
-22.490738,60,31.578667
-17.217181,60,31.6338
1.031552,32,31.809397
-21.30024,60,31.831168
6.0451,14,31.837367
1.641898,27,31.962271
-25.882521,60,31.987578
-15.639936,60,32.010103
5.526224,26,32.167253
-5.26913,58,32.192207
8.55568,9,32.195222
9.88,2,32.196213
-24.880991,60,32.351177
2.438875,29,32.364173
-25.830721,60,32.38577
-21.366259,60,32.560261
-22.39944,60,32.580398
5.565129,20,32.587947
-26.88884,60,32.727258
2.448076,24,32.735255
-21.479141,60,32.881671
-2.130212,43,32.898237
5.884599,15,32.90526
-22.992869,60,33.074599
-25.9299,60,33.099613
0.924492,29,33.109613
8.995736,8,33.113613
-26.727114,60,33.274096
8.669286,10,33.278097
-13.083561,60,33.301107
3.321399,36,33.508332
-21.378666,60,33.535036
0.362185,35,33.546998
1.668424,23,33.554999
4.97156,21,33.696549
6.701945,14,33.701555
-26.938412,60,33.723754
-28.6559,60,33.884959
3.935607,28,33.894945
-22.311029,60,33.914942
-1.069178,35,34.045771
-16.028449,60,34.069481
9.494972,4,34.071478
-20.570258,60,34.2333
-17.142609,60,34.257324
-29.131609,60,34.388792
8.954972,8,34.392653
-26.418335,60,34.414664
-22.788353,60,34.544104
-8.765725,58,34.565392
-30.457979,60,34.588061
9.494972,4,34.705346
3.340007,29,34.720683
-26.713735,60,34.746924
-32.065606,60,34.890621
3.213649,29,34.900614
-26.419658,60,34.922076
-26.65417,60,35.089428
-25.485285,60,35.134556
-4.719443,51,35.292186
9.99,1,35.293184
4.054852,23,35.304209
9.99,1,35.305188
-16.359961,60,35.328228
9.99,1,35.329228
-29.467932,60,35.479015
3.837477,30,35.496614
-25.660508,60,35.634038
-34.098765,60,35.669645
8.817101,7,35.673617
9.137157,8,35.676649
-29.440626,60,35.84768
-22.778095,60,35.87075
9.315736,6,35.872748
8.725137,7,35.875747
-36.478178,60,36.019872
-26.409006,60,36.047394
-20.219458,60,36.184422
-2.149079,36,36.200879
7.669123,13,36.205865
8.528522,10,36.209869
4.826532,19,36.216875
0.959132,42,36.352952
6.196553,12,36.357467
-24.294715,60,36.384441
5.820597,22,36.39442
-23.915569,60,36.525766
-22.535992,60,36.547813
3.540635,30,36.559353
-18.115183,60,36.726308
-12.932471,60,36.761943
4.57724,19,36.893058
-24.71061,60,36.922779
4.93004,26,36.932784
9.88,2,36.932784
1.217625,43,37.102017
1.854156,20,37.11502
-16.482802,60,37.136497
-20.865815,60,37.267411
-1.516995,29,37.278439
-3.214055,47,37.29701
-23.180152,60,37.432931
9.99,1,37.432931
-28.322458,60,37.456114
9.051365,6,37.458116
-25.5252,60,37.63027
-20.819444,60,37.649727
-17.900145,60,37.779346
-21.930366,60,37.803537
3.489508,27,37.812523
6.571696,16,37.818573
-10.940448,60,37.967072
-15.401029,60,37.990405
-29.026785,60,38.127488
-31.463072,60,38.147365
-0.190986,27,38.3783
7.934645,12,38.385869
-8.351187,54,38.404834
-21.96993,60,38.527992
-20.95456,60,38.55134
-26.378993,60,38.572385
-0.95749,40,38.686185
-20.899189,60,38.707201
-20.454448,60,38.851901
-17.746538,60,38.876554
4.17219,25,38.889118
-29.392943,60,39.139375
-18.432475,60,39.2853
8.060708,15,39.46181
-22.131398,60,39.608002
-21.45055,60,39.631709
-8.008932,53,39.781451
3.650947,29,39.925712
-22.659379,60,40.060256
-25.535903,60,40.276379
7.009075,13,40.281383
-20.230705,60,40.434159
-6.785638,57,40.556464
9.618579,4,40.558467
-21.652202,60,40.699763
-3.877915,42,40.717584
-20.400145,60,40.849178
-19.278335,60,40.975062
-28.275989,60,41.104477
-24.888453,60,41.229058
-23.816382,60,41.3518
-18.295964,60,41.485272
-19.286262,60,41.630315
-29.112012,60,41.787759
8.338744,8,41.791106
1.377067,30,41.801151
-7.151177,49,41.925251
9.494972,4,41.926269
-21.269672,60,42.055596
9.174972,6,42.057592
6.973438,16,42.179074
3.315625,29,42.195472
-26.16165,60,42.318724
-27.839665,60,42.471993
-20.720846,60,42.586365
-7.062306,50,42.711529
-13.958544,60,42.851716
-27.68445,60,42.877762
4.304439,25,43.027424
-13.187883,60,43.158551
-0.905846,33,43.170562
2.329831,27,43.274425
-3.33184,47,43.291991
9.99,1,43.292994
-29.580436,60,43.448334
-1.923981,48,43.581457
-17.186977,60,43.696479
1.057763,37,43.810856
-30.0693,60,43.954041
-19.197564,60,44.118698
-20.068063,60,44.140295
-1.201203,36,44.275258
9.494972,4,44.277257
9.67,3,44.278258
-29.457897,60,44.404396
-29.810508,60,44.545241
-22.940185,60,44.69028
-24.581131,60,44.869789
9.99,1,44.869789
3.463985,36,44.883042
9.99,1,44.884097
1.963065,32,45.031717
-21.73479,60,45.223796
9.77,3,45.225819
-16.525321,60,45.356552
8.077865,15,45.364547
-17.543159,60,45.518634
-17.479485,60,45.639724
-22.925708,60,45.786995
-21.708384,60,45.961207
-3.039048,36,45.975333
-27.404903,60,46.122102
-30.57924,60,46.249715
8.32273,10,46.254715
9.436393,4,46.402805
1.018361,34,46.43352
-26.238175,60,46.645672
-19.716229,60,46.791609
-17.86996,60,46.925916
7.526232,13,46.931908
-26.507463,60,47.052658
-18.711241,60,47.189886
9.88,2,47.190882
-14.416459,60,47.315096
-29.055838,60,47.453209
-2.605477,39,47.468175
7.272073,15,47.581601
1.190072,35,47.594259
-19.948029,60,47.738422
-23.277652,60,47.869011
-20.903004,60,48.075811
-29.20598,60,48.279855
-24.21498,60,48.457284
-28.021925,60,48.614635
-25.021745,60,48.758313
7.609627,9,48.76131
-22.649051,60,48.902754
-6.335274,59,49.064023
-23.257927,60,49.250275
-21.381384,60,49.411779
9.728579,3,49.412776
-2.145355,36,49.426891
-20.631075,60,49.617118
-25.630227,60,49.772784
-20.691899,60,49.956795
-21.482188,60,50.152822
-25.306796,60,50.350827
-9.993351,54,50.46899
-20.972604,60,50.626499
-20.069337,60,50.824858
-21.804217,60,50.979243
9.508579,5,51.27213
4.246769,28,51.286483
9.45,5,51.288492
9.098579,6,51.290485
-1.979037,42,51.378473
-23.26808,60,51.475247
-26.642258,60,51.61035
-0.204021,47,51.643566
5.725934,21,51.770216
5.089864,18,51.779581
6.794146,15,51.786163
6.016984,17,51.860656
-20.918465,60,51.883074
-18.153836,60,51.96562
9.99,1,51.966342
9.99,1,51.968274
9.25,5,52.028252
-16.323675,60,52.050799
-23.87681,60,52.156422
-30.719544,60,52.289082
9.99,1,52.290055
9.99,1,52.290684
-20.892934,60,52.352058
-31.701333,60,52.440794
9.46,4,52.442831
5.064599,17,52.491998
7.641727,10,52.495994
2.94145,27,52.507791
7.384966,13,52.514799
-26.148903,60,52.572117
-20.77439,60,52.66647
-20.598983,60,52.743795
-6.949638,55,52.841513
-1.468054,30,52.921164
-6.974643,44,52.948136
-16.356652,60,53.014701
9.082129,7,53.016697
0.755474,26,53.064895
-14.902071,60,53.125639
-20.125061,60,53.188594
-20.686148,60,53.209167
-24.184704,60,53.27311
8.654972,8,53.324498
-18.1678,60,53.34401
-20.845498,60,53.407737
-22.973421,60,53.47138
5.361204,23,53.524476
5.304803,24,53.544423
-4.214522,55,53.657849
-31.862393,60,53.757589
-0.710378,43,53.827169
-10.899427,56,53.8595
1.212916,25,53.919993
-22.02583,60,54.023782
-0.911178,45,54.039023
9.23355,6,54.08107
8.297865,13,54.08683
-24.774904,60,54.154619
-21.886824,60,54.220335
9.99,1,54.221335
-11.182639,60,54.283244
-33.751818,60,54.355671
-20.093118,60,54.386498
-23.195014,60,54.480734
-29.952027,60,54.586995
-17.926928,60,54.691949
1.244548,34,54.74632
-15.602364,60,54.820079
-19.427997,60,54.877246
-20.107901,60,54.959665
-17.349011,60,55.026211
-24.37767,60,55.047943
3.675389,28,55.118423
9.99,1,55.119108
-24.590706,60,55.209019
1.155055,33,55.221155
6.47,13,55.268449
-33.815588,60,55.379282
-23.01721,60,55.407908
-17.686402,60,55.474819
9.88,2,55.476819
8.941365,7,55.526761
-30.696912,60,55.558123
-31.653264,60,55.651315
-21.605776,60,55.710528
-10.591023,60,55.7704
-22.776734,60,55.8522
5.619174,29,55.939175
7.763161,13,55.946028
-27.834669,60,56.040939
9.728579,3,56.042943
-20.573325,60,56.13274
-14.580294,60,56.194311
-26.161413,60,56.255395
-24.489121,60,56.316041
4.94897,20,56.32882
-26.344376,60,56.402767
9.082129,7,56.40476
-17.221182,60,56.485531
4.217477,32,56.496677
9.88,2,56.496677
-5.234352,45,56.561168
-23.211938,60,56.651278
5.87004,22,56.659474
-27.414211,60,56.748944
0.277604,42,56.889107
8.264151,10,56.896172
3.408671,34,56.989981
9.357157,6,56.992979
-10.045947,52,57.076966
-4.389376,36,57.098525
-29.041191,60,57.186034
-25.338634,60,57.286048
-12.774103,60,57.370255
7.363161,13,57.376218
-18.755178,60,57.448837
-27.476636,60,57.564037
-18.860677,60,57.654824
5.290085,21,57.663827
-26.67767,60,57.74987
-18.670404,60,57.830621
9.728579,3,57.83162
-23.257936,60,57.911655
-19.776741,60,57.97534
9.494972,4,58.138642
-26.929519,60,58.164763
-2.036214,35,58.232665
-30.974706,60,58.292357
-21.72294,60,58.380635
-19.12229,60,58.443377
-23.529689,60,58.519952
7.994916,11,58.524949
1.910396,20,58.53095
-26.440119,60,58.58779
-15.882974,60,58.643751
-17.632597,60,58.715663
6.876398,14,58.724482
-25.513056,60,58.809719
-1.937052,41,58.874513
-24.832494,60,58.975578
-3.72102,48,59.043472
9.088579,7,59.054627
6.26773,15,59.072656
-22.388083,60,59.183092
6.500662,14,59.191327
3.712553,29,59.280762
-20.996696,60,59.316493
9.494972,4,59.362994
-24.167774,60,59.388921
-16.364609,60,59.444623
-1.763114,42,59.503765
-12.026564,54,59.562718
-21.142691,60,59.623912
-22.278853,60,59.697187
-29.165541,60,59.774525
9.728579,3,59.776525
-20.150067,60,59.844545
-33.265773,60,59.901771
-41.452082,60,59.966285
-2.877158,51,59.983616
-27.057973,60,60.047646
9.298579,6,60.050645
-25.421274,60,60.116378
-7.199225,54,60.180546
-19.608424,60,60.246282
-23.371103,60,60.30396
9.88,2,60.30396
9.67,3,60.306084
-1.946661,39,60.359046
0.455885,38,60.373168
-17.207169,60,60.448549
-23.366946,60,60.518716
-11.447996,60,60.590338
9.618579,4,60.592396
-18.694677,60,60.721817
1.692562,27,60.807287
3.023025,27,60.820184
-16.915844,60,60.892167
9.728579,3,60.895236
8.614315,12,60.903212
-27.187019,60,60.975051
1.063239,34,61.027161
5.295477,18,61.034623
-30.840515,60,61.102539
-21.215982,60,61.166422
-15.932133,60,61.221661
1.490051,36,61.2345
-4.227179,51,61.285342
-19.684589,60,61.341653
7.742384,10,61.345828
3.040824,28,61.409243
-17.94778,60,61.490652
-1.50274,31,61.50488
-31.212666,60,61.589332
-23.743222,60,61.650122
-25.912396,60,61.714081
-26.944027,60,61.772205
-19.167945,60,61.826719
7.072771,12,61.830719
7.517702,14,61.836276
5.408397,19,61.843278
-26.716516,60,61.914612
-23.750159,60,61.980959
-23.665901,60,62.052864
-24.056125,60,62.139386
8.48355,11,62.146388
-6.164198,56,62.227554
-15.689309,60,62.301817
1.559739,34,62.358782
9.99,1,62.359854
7.292952,12,62.363841
-1.539308,30,62.375819
7.138573,20,62.424935
-19.156836,60,62.493402
-17.221159,60,62.550876
-25.151599,60,62.574015
-23.157726,60,62.644506
-23.313511,60,62.713699
8.230109,10,62.766606
8.968522,6,62.769609
9.618579,4,62.770243
8.382837,8,62.773424
1.024531,30,62.786112
2.688714,25,62.837772
-18.593727,60,62.918782
0.940415,38,62.930733
-15.502864,60,62.999146
-17.10335,58,63.070761
-22.963678,60,63.139096
-1.677973,38,63.195717
-3.501948,42,63.212826
-10.840835,60,63.272953
-15.377072,60,63.344644
-18.861163,60,63.401645
-17.616806,60,63.460808
1.383864,41,63.523597
8.90355,9,63.526628
-23.281285,60,63.586627
-16.633785,60,63.647662
1.475322,45,63.665606
-2.746092,47,63.746678
-13.410177,60,63.818939
8.734315,10,64.015118
3.659159,29,64.029191
0.907802,47,64.146479
-29.005245,60,64.250324
9.577157,4,64.252461
7.997809,10,64.256455
-20.553126,60,64.385517
9.728579,3,64.388493
-18.363017,60,64.531624
9.99,1,64.531624
-16.049792,60,64.674582
-24.820895,60,64.798108
-29.19994,60,64.953611
9.99,1,64.954613
9.88,2,64.954613
-19.596153,60,65.074865
-23.774109,60,65.18469
-25.819364,60,65.42779
-22.268764,60,65.58249
1.794865,30,65.59743
-29.36918,60,65.725687
-20.446072,60,65.854417
-16.208883,60,65.987186
9.728579,3,65.988181
-25.646646,60,66.2081
-5.973144,51,66.398047
-20.313274,60,66.538422
-21.132396,60,66.572344
7.27924,12,66.674386
-28.171184,60,66.803028
-17.059878,60,66.939304
-24.784201,60,66.962387
2.958692,18,67.06709
9.34355,5,67.070212
-23.645626,60,67.206297
-16.891016,60,67.316441
-31.454127,60,67.439148
9.082129,7,67.441163
-18.6,60,67.563356
9.88,2,67.564004
-17.253761,60,67.696676
-5.595781,51,67.714675
-0.150942,30,67.819241
0.073858,50,67.910306
-21.198116,60,68.010322
-18.776221,60,68.148697
-24.957969,60,68.263298
8.875736,10,68.266301
6.914859,16,68.272329
-36.011588,60,68.429203
7.260053,14,68.435164
-25.976004,60,68.535835
-5.731372,59,68.640917
-4.411347,56,68.756838
-30.332224,60,68.862674
-23.989304,60,68.963268
-19.012773,60,69.062305
-16.377697,60,69.170643
-20.965342,60,69.304711
-20.870839,60,69.330142
-1.580483,43,69.452087
6.457702,20,69.459084
-18.798353,60,69.593962
9.164315,7,69.596966
-12.06997,51,69.741128
9.67,3,69.742126
-7.584502,53,69.844401
-15.019592,60,69.962622
-29.465111,60,70.080336
1.974255,40,70.217582
-19.875482,60,70.319703
-25.386686,60,70.463531
9.494972,4,70.467524
-22.333693,60,70.593188
3.400337,20,70.603317
-26.586021,60,70.721809
5.362159,20,70.729488
7.960708,15,70.73505
9.577157,4,70.736049
1.120134,35,70.86058
-26.672437,60,70.998961
-24.010796,60,71.121451
-1.601971,44,71.162617
-20.007065,60,71.296773
-19.371163,60,71.417907
-21.20212,60,71.535719
8.731365,8,71.538703
-29.224775,60,71.663521
-2.941058,42,71.766494
1.496389,30,71.776799
-24.444962,60,71.88456
-3.783381,44,71.992689
1.971638,35,72.110826
5.540315,18,72.116824
-20.079034,60,72.23481
-14.683413,55,72.436727
-19.027257,60,72.606439
-18.270505,60,72.815455
-18.013979,60,72.976326
-27.421925,60,73.037228
-5.754185,53,73.1889
9.284972,5,73.1909
5.403825,18,73.320402
0.065782,49,73.344121
-3.068697,40,73.480007
-12.40537,57,73.709031
4.754622,21,73.716036
-17.471588,60,73.851368
-21.010348,60,73.981913
7.007463,11,73.986668
-15.940862,60,74.107859
-14.730177,59,74.229556
-22.065003,60,74.366148
8.944315,9,74.369174
-22.752445,60,74.585553
-1.864568,38,74.725027
2.532557,30,74.738757
9.99,1,74.923628
7.27366,15,74.933456
-5.859333,41,74.952315
5.361556,18,75.014515
-30.526947,60,75.094481
-26.966357,60,75.166413
-28.358629,60,75.215989
-27.626692,60,75.319999
8.83,7,75.383518
-28.359623,60,75.410649
1.294394,34,75.549946
-22.198604,60,75.642868
6.981252,17,75.658371
4.321268,18,75.671413
-0.576222,44,75.756385
-16.206433,60,75.830357
-18.908128,60,75.901067
7.647101,14,75.90708
7.545845,16,75.973816
-22.671691,60,75.999414
7.402129,15,76.066287
6.979895,13,76.07339
4.183152,24,76.088128
-14.066342,60,76.211844
9.77,3,76.213856
-1.600589,39,76.277283
-21.397601,60,76.365069
2.669933,28,76.374105
8.644972,9,76.378103
0.927375,35,76.468875
0.237556,40,76.570171
6.878418,16,76.57817
-14.526452,60,76.650223
8.669286,10,76.654158
6.570331,15,76.660232
-27.160957,60,76.736107
7.719994,16,76.741737
-25.665375,60,76.831461
-6.037047,42,76.910687
-6.765579,38,76.924185
8.167101,12,76.986414
-25.769972,60,77.06072
-23.639367,60,77.130659
-27.4727,60,77.175895
-19.461721,60,77.248094
-18.014753,60,77.320285
-23.080341,60,77.406029
-30.368782,60,77.480769
-27.219167,60,77.564313
-28.133894,60,77.644412
6.860804,17,77.6524
0.713814,47,77.721836
6.186474,15,77.727786
6.505567,18,77.78109
-19.641892,60,77.851892
-20.488657,60,77.921386
0.588376,37,77.935194
-25.113241,60,78.016136
-14.62261,59,78.087409
-8.348519,60,78.181953
-22.344998,60,78.250914
-5.130626,59,78.331585
8.764972,7,78.334347
-20.84855,60,78.408089
-24.930632,60,78.475061
0.641835,33,78.486951
7.245137,15,78.49279
-26.392722,60,78.571668
-0.55534,36,78.648213
1.551935,32,78.658214
-1.124844,41,78.724132
7.879123,12,78.728136
-25.288827,60,78.851808
5.457417,19,78.944906
-4.719389,37,78.962904
-30.171433,60,79.037503
9.226393,5,79.039498
-23.205975,60,79.11306
3.122419,27,79.122097
-21.80832,60,79.189303
-23.544217,60,79.258136
-20.452935,60,79.33131
-22.07836,60,79.405778
-23.191144,60,79.503715
-36.630321,60,79.576205
-30.271772,60,79.669105
5.552182,20,79.678084
-11.318973,51,79.776451
-23.296112,60,79.868253
-19.638367,60,79.976375
8.93355,6,79.978377
-21.840709,60,80.102747
-30.61183,60,80.196951
8.614916,9,80.199946
-20.926915,60,80.310427
-19.485801,60,80.380983
-29.008523,60,80.459374
-16.266957,60,80.544794
6.992891,15,80.549785
5.560962,16,80.555781
-20.621143,60,80.64042
8.11568,13,80.727281
-25.656676,60,80.75749
3.337041,27,80.870664
-1.475365,33,80.896681
-22.832217,60,81.036185
-24.030565,60,81.164284
-24.613452,60,81.260338
3.789075,25,81.352847
3.473229,28,81.363764
-27.013283,60,81.489447
7.995022,15,81.494446
7.217323,16,81.500746
0.820512,38,81.581285
8.972129,8,81.585867
-29.384463,60,81.684471
-28.429165,60,81.799793
-17.492541,60,81.885314
5.102118,21,81.904909
1.377097,26,81.979307
9.728579,3,81.981045
9.77,3,81.983348
-19.910639,60,82.092497
-24.811703,60,82.421314
-20.303425,60,82.519356
-22.627711,60,82.649251
9.99,1,82.650269
5.947488,19,82.735997
-16.054838,60,82.824351
-24.217297,60,82.844891
-30.613321,60,82.96484
-15.983811,60,83.069314
9.728579,3,83.072313
-26.564915,60,83.184613
9.77,3,83.185611
9.88,2,83.186613
-20.18078,60,83.263462
-21.713274,60,83.346679
-28.866098,60,83.432254
-24.147586,60,83.520324
-13.703728,60,83.59895
9.77,3,83.59995
-18.357454,60,83.676195
-15.613525,60,83.76434
8.882129,7,83.767546
3.488573,29,83.838108
-23.350108,60,83.906192
-25.035264,60,83.926239
1.199506,25,83.99294
5.490384,23,84.000781
-24.357074,60,84.091286
5.998165,13,84.104339
9.67,3,84.105051
4.947045,21,84.176328
-2.616023,56,84.289904
-21.104953,60,84.392591
-20.940618,60,84.417585
-20.867422,60,84.511814
-16.237843,60,84.618553
-16.123067,60,84.716257
9.99,1,84.717038
-8.88965,50,84.819174
-26.505846,60,84.894969
-22.88546,60,85.003788
5.674146,27,85.015775
-23.725656,60,85.09212
-26.973437,60,85.162536
0.618347,30,85.222853
-21.582673,60,85.31244
9.33,7,85.316436
-26.939239,60,85.40735
3.959803,28,85.416349
7.219944,15,85.42238
-10.672484,57,85.492078
6.31542,14,85.547534
-24.44226,60,85.570349
-23.114364,60,85.644949
-22.519104,60,85.723612
4.387012,20,85.793181
8.229286,14,85.798157
9.77,3,85.799165
2.083943,29,85.812795
9.12355,7,85.814793
-5.125702,45,85.890862
9.77,3,85.891862
6.945567,14,85.898859
-23.901587,60,85.999801
7.789887,15,86.082871
9.058744,6,86.087928
-34.225321,60,86.174138
-21.876696,60,86.246039
-26.708195,60,86.33472
8.475736,10,86.339754
-24.931864,60,86.426685
-5.763045,44,86.450387
-24.615044,60,86.588905
-17.393685,60,86.665365
-16.189435,60,86.748992
3.294521,28,86.828768
-22.968723,60,86.865341
-19.161185,60,86.965649
-5.721238,52,87.061323
-31.473851,60,87.139359
-17.431571,60,87.205998
-28.356888,60,87.283878
-20.580703,60,87.399337
-2.455612,34,87.473407
8.194916,11,87.479407
-21.551671,60,87.573272
4.788004,22,87.583821
7.920331,10,87.58717
-24.567026,60,87.665612
-24.641277,60,87.748675
8.224972,11,87.752671
9.174972,6,87.75467
1.521963,43,87.825822
5.81692,15,87.830829
9.88,2,87.831823
6.051474,19,87.838852
-25.148792,60,87.931037
9.99,1,87.932589
9.88,2,87.933638
-14.342726,60,88.00599
-12.848746,60,88.078163
-20.560348,60,88.184164
-20.616177,60,88.256554
7.099944,17,88.262669
3.637477,30,88.331164
-1.525513,44,88.446391
1.250672,31,88.457396
-26.772319,60,88.547343
2.024185,33,88.641441
6.374212,16,88.648441
7.927045,13,88.653444
8.318522,11,88.657444
-3.306938,51,88.72522
-24.109629,60,88.812156
-22.478456,60,88.893039
-24.569619,60,88.980852
9.67,3,88.982855
-35.130654,60,89.071718
-22.121356,60,89.148015
-21.772002,60,89.22591
5.763631,15,89.233532
9.728579,3,89.23558
-19.684365,60,89.323627
-34.988034,60,89.407014
-29.319989,60,89.493196
9.098579,6,89.5002
9.88,2,89.503603
